,train-auc-mean,train-auc-std,test-auc-mean,test-auc-std
0,0.9543948,0.0007599043097653964,0.9398204,0.001908100374718266
1,0.9868931999999999,0.0002940193190931231,0.978172,0.0006565896739973765
2,0.9909817999999999,0.00023609015227238857,0.9828792,0.0008068234999056682
3,0.9916702,0.00014480248616650498,0.9836065999999999,0.0008335189499945259
4,0.9921070000000001,0.00014425394275372608,0.9834533999999999,0.0010528176670250107
5,0.9924609999999999,0.00017483363520788545,0.9833575999999999,0.0009616381024065026
