{
    "TTJets": {
        "TTJets": 4.83413680238324e-05,
        "TTJets_SingleLeptFromT": 1.765007122066811e-06,
        "TTJets_SingleLeptFromTbar": 1.8225417966328055e-06,
        "TTJets_DiLept": 1.8940620238655194e-06
    },
    "ST": {
        "Top": 1.1087868593584793e-07,
        "AntiTop": 1.5095656294940314e-07
    },
    "WJets": {
        "WJets_HT-70To100": 4.809802800698591e-05,
        "WJets_HT-100To200": 0.0004245264184477872,
        "WJets_HT-200To400": 1.6651616664190083e-05,
        "WJets_HT-400To600": 9.719971076617904e-06,
        "WJets_HT-600To800": 6.743737755688267e-07,
        "WJets_HT-800To1200": 6.739658279480541e-07,
        "WJets_HT-1200To2500": 1.470017082596818e-07,
        "WJets_HT-2500ToInf": 2.5025147802127944e-09
    },
    "DYJetsToLL": {
        "DYJetsToLL-M-10to50": 0.0004015103515691209,
        "DYJetsToLL_M-50": 5.31124907846135e-05
    },
    "DiBoson": {
        "WW": 0.0013808725486761594,
        "ZZ": 6.2005589696652725e-06,
        "WZ": 7.2420470888153615e-06
    },
    "TriBoson": {
        "WWW": 4.180384456575758e-06,
        "WWZ": 4.011227774846684e-06,
        "WZZ": 4.002223981846166e-06,
        "ZZZ": 3.999541273760793e-06,
        "WZG": 5.071790660007529e-07,
        "WWG": 9.368221093721516e-07,
        "WGG": 1.0068534656172402e-06
    },
    "QCD": {
        "QCD_Pt-20to30": 0.08251574904210192,
        "QCD_Pt-50to80": 0.018496912228811616,
        "QCD_Pt-80to120": 0.0036374209060174773,
        "QCD_Pt-120to170": 0.0009959691164191725,
        "QCD_Pt-170to300": 0.00019396497033875577,
        "QCD_Pt-300to470": 2.1018318186613567e-05,
        "QCD_Pt-470to600": 2.8837274192192452e-06,
        "QCD_Pt-600to800": 1.076875469800984e-06,
        "QCD_Pt-800to1000": 2.1435078154811328e-07,
        "QCD_Pt-1000toInf": 1.0367410467571173e-07
    }
}