{
    "TTJets": {
        "TTJets": 4.854380930488923e-05
    },
    "DYJetsToLL": {
        "DYJetsToLL-M-10to50": 0.00040118402542015596,
        "DYJetsToLL_M-50": 5.3066733728167e-05
    },
    "DiBoson": {
        "WW": 9.58459595959596e-06,
        "ZZ": 6.1344113188479035e-06,
        "WZ": 7.091377091377092e-06
    },
    "TriBoson": {
        "WWW": 8.975e-07,
        "WWZ": 6.704e-07,
        "WZZ": 2.2804e-07,
        "ZZZ": 5.892e-08,
        "WZG": 2.205583756345178e-08,
        "WWG": 1.8528e-07,
        "WGG": 2.0130784708249494e-06
    },
    "QCD": {
        "QCD_Pt-15to20": 31.421882176343413,
        "QCD_Pt-20to30": 0.08284241471526937,
        "QCD_Pt-50to80": 0.018560762430344956,
        "QCD_Pt-80to120": 0.003497934686507398,
        "QCD_Pt-120to170": 0.0010044135083624344,
        "QCD_Pt-170to300": 0.00019305769266034627,
        "QCD_Pt-300to470": 2.1018318186613567e-05,
        "QCD_Pt-470to600": 2.8876217168819312e-06,
        "QCD_Pt-600to800": 1.1017077317775938e-06,
        "QCD_Pt-800to1000": 2.0569898761007897e-07,
        "QCD_Pt-1000toInf": 9.783052654835153e-08
    }
}